Stockard Channing,Abigail 'Abbey' Bartlet,First Lady,
Allison Janney,",",White House Press Secretary,
,,,
Joshua Malina,4th,Deputy Communications Director,
Janel Moloney,Donnatella 'Donna' Moss,Senior Assistant to the Deputy Chief of Staff for Strategic Planning,
Richard Schiff,Tobias Zachary 'Toby' Ziegler,White House Director of Communications,
Martin Sheen,New,President of the United States,
John Spencer,Bartlet,White House Chief of Staff,
Bradley Whitford,Joshua 'Josh' Lyman,Deputy White House Chief of Staff,
