Dr . No,,,'The James Bond Theme',,Monty Norman Orchestra
,,,'From Russia With Love',Lionel Bart,Matt Monroe
,,,'Goldfinger',Bricusse / Newley / Barry,Shirley Bassey
,,,'Thunderball',Barry / Black,Tom Jones
'You Only Live Twice',,,,Bricusse / Barry,Nancy Sinatra
,,,'On Her Majesty's Secret Service',,The John Barry Orchestra
,,,'Diamonds Are Forever',Barry / Black,Shirley Bassey
,,,'Live and Let Die',Paul and Linda McCartney,Paul McCartney / Wings
,,,'The Man With the Golden Gun',Barry / Black,Lulu
'The Spy Who Loved Me',,,'Nobody Does it Better',Hamlisch / Bayer Sager,Carly Simon
,,,'Moonraker',Barry / David,Shirley Bassey
,,,'For Your Eyes Only',Conti / Leeson,Sheena Easton
'Octopussy',,,'All Time High',Barry / Rice,Rita Coolidge
,,,'A View To a Kill',Duran Duran / Barry,Duran Duran
,,,'The Living Daylights,Waaktaar / Barry,A - Ha
,,,'Licence to Kill',Walden / Cohen / Afanasieff / Barry / Bricusse / Newley,Gladys Knight
,,,'Goldeneye',Bono / The Edge,Tina Turner
,,,'Tomorrow Never Dies',Sheryl Crow / David Arnold,Sheryl Crow
,,,'The World is Not Enough',Arnold / Black,Garbage
,,,'Die Another Day',Madonna / Mirwais,Madonna
