Assateague State Park,Worcester County,,,
Cedarville State Forest,Charles County,,,
Cunningham Falls State Park,Frederick County,,,
Dans Mountain State Park,Allegany County,,,
Deep Creek Lake State Park,Garrett County,,,
Elk Neck State Park,Cecil County,,,
Greenbrier State Park,Washington County,,,
Green Ridge State Forest,Allegany County,,,
Greenwell State Park,St . Mary's County,,,
Gunpowder Falls State Park,Baltimore County,,,
Herrington Manor State Park,Garrett County,,,
Janes Island State Park,Somerset County,,,
Martinak State Park,Caroline County,,,
Patapsco Valley State Park,"Howard , Carroll and Baltimore Counties",,,
Pocomoke River State Park,Worcester County,,,
Point Lookout State Park,St . Mary's County,,,
Rocks State Park,Harford County,,,
Sandy Point State Park,Anne Arundel County,,,
Seneca Creek State Park,Montgomery County,,,
Smallwood State Park,Charles County,,,
Swallow Falls State Park,Garrett County,,,
Tuckahoe State Park,Queen Anne's County,,,
Washington Monument State Park,Frederick County,,,
Wye Oak State Park,Queen Anne's County,,,
