"1 , The Secret of the Old Clock",,
"2 , The Hidden Staircase",,
"3 , The Bungalow Mystery",,
"4 , The Mystery at Lilac Inn",,
"5 , The Secret at Shadow Ranch",,
"6 , The Secret of Red Gate Farm",,
"7 , The Clue in the Diary",,
"11 , The Clue of the Broken Locket",,
"12 , The Message in the Hollow Oak",,
"13 , The Mystery of the Ivory Charm",,
"14 , The Whispering Statue",,
"15 , The Haunted Bridge",,
"16 , The Clue of the Tapping Heels",,
"17 , The Mystery of the Brass - Bound Trunk",,
"18 , The Mystery at the Moss - Covered Mansion",,
"19 , The Quest of the Missing Map",,
"20 , The Clue in the Jewel Box",,
"21 , The Secret in the Old Attic",,
"22 , The Clue in the Crumbling Wall",,
"23 , The Mytery of the Tolling Bell",,
"24 , The Clue in the Old Album",,
"25 , The Ghost of Blackwood Hall",,
"30 , The Clue of the Velvet Mask",,
