,,
Lord Adrian,,
,,
,,
,,
Francis Aston,,
,,
Charles Barkla,,
,,
,,
,,
Niels Bohr,,
,,
,,
Lawrence Bragg,,
William Henry Bragg,,
,,
,,
,,
,,
,,
Subrahmanyan Chandrasekhar,,
,,
,,
,,
,,
,,
,,
Henry Dale,,
,,
,,
,,
,,
,,
,,
,,
,,
,,
,,
,,
,,
,,
Walter Gilbert,,
,,
,,
,,
,,
,,
,,
,,
,,
,,
,,
,,
A . V . Hill,,
Alan Hodgkin,,
,,
Frederick Hopkins,,
,,
,,
Andrew Huxley,,
Brian Josephson,,
Pyotr Kapitsa,,
,,
John Kendrew,,
Aaron Klug,,
,,
,,
,,
,,
,,
,,
,,
,,
,,
,,
,,
,,
,,
,,
,,
,,
,,
,,
John Pople,,
,,
,,
,,
,,
,,
,,
,,
Lord Rayleigh,,
,,
Owen Richardson,,
Ernest Rutherford,,
Martin Ryle,,
,,
,,
,,
,,
,,
,,
,,
,,
,,
,,
,,
Richard Synge,,
,,
,,
George Paget Thomson,,
J . J . Thomson,,
,,
,,
,,
,,
,,
,,
,,
Ernest Walton,,
,,
,,
,,
,,
,,
,,
,,
,,
,,
,,
,,
,,
