Andean Community,,,,,
Asia - Pacific Economic Cooperation,,,,,
Association of Southeast Asian Nations,,,,,
ASEAN + 1 ( Mainland China ) Free Trade Area,,,,,
Caribbean Community and Common Market,,,,,
Central European Free Trade Agreement,,,,,
,,,,,
East African Economic Community,,,,,
Economic Community of West African States,,,,,
European Economic Area,,,,,
European Free Trade Association,,,,,
European Union,,,,,
Mercado Comun del Sur,,,,,
Mercado Comun Centro Americano,,,,,
North American Free Trade Agreement,,,,,
South Asian Association for Regional Cooperation,,,,,
Southern African Development Community,,,,,
