,Lisa's Rival,,Mike Scully,,
,Bart of Darkness,,Dan McGrath,,
,Another Simpsons Clip Show,,Penny Wise,,
,Itchy & Scratchy Land,,John Swartzwelder,,
,Sideshow Bob Roberts,,Bill Oakley & Josh Weinstein,,
,Nightmare Cafeteria,,David S . Cohen,,
,Bart's Girlfriend,,John Collier,,
,Lisa on Ice,,Mike Scully,,
,Homer : Bad Man,,Greg Daniels,,
,Grampa vs . Sexual Inadequacy,,Bill Oakley & Josh Weinstein,,
,Fear of Flying,,David Sacks,,
,Homer the Great,,John Swartzwelder,,
,A Star is Burns,,Ken Keeler,,
,And Maggie Makes Three,,Jennifer Crittenden,,
,Bart's Comet,,John Swartzwelder,,
,Homie the Clown,,John Swartzwelder,,
,Bart vs . Australia,,Bill Oakley & Josh Weinstein,,
,Homer vs . Patty & Selma,,Brent Forrester,,
,Lisa's Wedding,,Greg Daniels,,
,Two Dozen and One Greyhounds,,Mike Scully,,
,The PTA Disbands,,Jennifer Crittenden,,
,'Round Springfield,,Joshua Sternin & Jeff Ventimilia,,
,The Springfield Connection,,John Collier,,
,Lemon of Troy,,Brent Forrester,,
,Who Shot Mr . Burns ? ( Part One ),,Bill Oakley & Josh Weinstein,,
