,Lisa's Rival,Mark Kirkland,,,
,Bart of Darkness,Jim Reardon,,,
,Another Simpsons Clip Show,David Silverman,,,
,Itchy & Scratchy Land,Wes Archer,,,
,Sideshow Bob Roberts,Mark Kirkland,,,
,Treehouse of Horror V,Jaundiced Jim Reardon,,,
,Bart's Girlfriend,Susie Dietter,,,
,Lisa on Ice,Bob Anderson,,,
,Homer : Bad Man,Jeff Lynch,,,
,Grampa vs . Sexual Inadequacy,Wes Archer,,,
,Fear of Flying,Mark Kirkland,,,
,Homer the Great,,John Swartzwelder,,
,A Star is Burns,Susie Dietter,,,
,And Maggie Makes Three,Swinton O . Scott III,,,
,Bart's Comet,Bob Anderson,,,
,Homie the Clown,David Silverman,,,
,Bart vs . Australia,Wes Archer,,,
,Homer vs . Patty & Selma,Mark Kirkland,,,
,Lisa's Wedding,Jim Reardon,,,
,Two Dozen and One Greyhounds,Bob Anderson,,,
,The PTA Disbands,Swinton O . Scott III,,,
,'Round Springfield,Steven Dean Moore,,,
,The Springfield Connection,Mark Kirkland,,,
,Lemon of Troy,Jim Reardon,,,
,Who Shot Mr . Burns ? ( Part One ),Jeffrey Lynch,,,
