,,,
Alberta College of Art & Design,Calgary,,
,,,
,,,
Athabasca University,Athabasca,,
Augustana University College,Camrose,,
,,,
,,,
,,,
Concordia University College of Alberta,Edmonton,,
,,,
,,,
Grande Prairie Regional College,Grande Prairie,,
Grant MacEwan Community College,Edmonton,,
,,,
,,,
Keyano College,Fort McMurray,,
Lethbridge Community College,Lethbridge,,
,,,
,,,
Medicine Hat College,Medicine Hat,,
,,,
Mount Royal College,Calgary,,
,,,
,,,
,,,
,,,
,,,
,,,
St . MaryÃÂ¢ÃÂÃÂs College,Calgary,,
,,,
,,,
Southern Alberta Institute of Technology,Calgary,,
,,,
,,,
,,,
University of Alberta,Edmonton,,
University of Calgary,Calgary,,
University of Lethbridge,Lethbridge,,
,,,
