Louis Sachar,Holes
Karen Hesse,Out of the Dust
E . L . Konigsburg,The View From Saturday
Karen Cushman,The Midwife's Apprentice
Sharon Creech,Walk Two Moons
Lois Lowry,The Giver
Cynthia Rylant,Missing May
Phyllis Reynolds Naylor,Shiloh
Jerry Spinelli,Maniac Magee
Lois Lowry,Number the Stars
Paul Fleischman,Joyful Noise : Poems for Two Voices
Russell Freedman,Lincoln : A Photobiography
Sid Fleischman,The Whipping Boy
Patricia MacLachlan,"Sarah , Plain and Tall"
Robin McKinley,The Hero and the Crown
Beverly Cleary,Dear Mr . Henshaw
Cynthia Voigt,Dicey's Song
Nancy Willard,A Visit to William Blake's Inn
Katherine Paterson,Jacob Have I Loved
Joan Blos,A Gathering of Days : A New England Girl's Journal
Ellen Raskin,The Westing Game
Katherine Paterson,Bridge to Terabithia
Mildred D . Taylor,"Roll of Thunder , Hear My Cry"
Susan Cooper,The Grey King
Virginia Hamilton,"M . C . Higgins , the Great"
Paula Fox,The Slave Dancer
Jean Craighead George,Julie of the Wolves
Robert C . O'Brien,Mrs . Frisby and the Rats of NIMH
Betsy Byars,Summer of the Swans
William H . Armstrong,Sounder
Lloyd Alexander,The High King
E . L . Konigsburg,From the Mixed - Up Files of Mrs . Basil E . Frankweiler
Irene Hunt,Up a Road Slowly
Elizabeth Borton de TreviÃÂÃÂ±o,"I , Juan de Pareja"
Maia Wojciechowska,Shadow of a Bull
Emily C . Neville,"It's Like This , Cat"
Madeleine L'Engle,A Wrinkle in Time
Elizabeth George Speare,The Bronze Bow
Scott O'Dell,Island of the Blue Dolphins
John Krumgold,Onion John
Elizabeth George Speare,The Witch of Blackbird Pond
Harold V . Keith,Rifles for Watie
Virginia Sorensen,Miracles on Maple Hill
Jean Lee Latham,"Carry On , Mr . Bowditch"
Meindert DeJong,The Wheel on the School
John Krumgold,. . And Now Miguel
Ann Nolan Clark,Secret of the Andes
Eleanor Estes,Ginger Pye
Elizabeth Yates,"Amos Fortune , Free Man"
Marguerite de Angeli,The Door in the Wall
Marguerite Henry,King of the Wind
William PÃÂÃÂ¨ne du Bois,The Twenty - One Balloons
Carolyn S . Bailey,Miss Hickory
Lois Lenski,Strawberry Girl
Robert Lawson,Rabbit Hill
Esther Forbes,Johnny Tremain
Elizabeth Janet Gray,Adam of the Road
Walter D . Edmonds,The Matchlock Gun
Armstrong Sperry,Call It Courage
James Daugherty,Daniel Boone
Elizabeth Enright,Thimble Summer
Kate Seredy,The White Stag
Ruth Sawyer,Roller Skates
Carol Ryrie Brink,Caddie Woodlawn
Monica Shannon,Dobry
Cornelia Meigs,Invincible Louisa
Elizabeth Lewis,Young Fu of the Upper Yangtze
Laura Adams Armer,Waterless Mountain
Elizabeth Coatsworth,The Cat Who Went to Heaven
Rachel Field,"Hitty , Her First Hundred Years"
Eric P Kelly,The Trumpeter of Krakow
Dhan Mukerji,"Gay - Neck , the Story of a Pigeon"
Will James,"Smoky , the Cow Horse"
Arthur Chrisman,Shen of the Sea
Charles Finger,Tales from Silver Lands
Charles Hawes,The Dark Frigate
Hugh Lofting,The Voyages of Dr . Dolittle
Hendrik Van Loon,The Story of Mankind
