,
,
,
,
,
,
,
,
,
,
The Little Mermaid,
Aristocats,
Atlantis,
,
101 Dalmatians,
Mulan,
,
The Lion King,
,
,
Toy Story,
Beauty and the Beast,
,
Peter Pan,
Ducktales,
Talespin,
Winnie the Pooh,
Hercules,
,
Robin Hood,
,
,
Aladdin,
Pinocchio,
,
,
Doug,
,
,
Pocahontas,
Alice in Wonderland,
Sleeping Beauty,
Dinosaurs,
Hunchback of Notre Dame,
,
,
Jungle Book,
,
Tarzan,
Dumbo,
,
Lilo and Stitch,
Cinderella,
,
,
,
Brother Bear,
The Fox and the Hound,
,
The Rescuers,
,
Bambi,
The Great Mouse Detective,
,
A Bug's Life,
Oliver and Company,
The Sword in the Stone,
,
,
,
Monsters Inc .,
,
,
,
,
The Black Cauldron,
