Sunbeam Alpine,Dr . No
Rolls Royce,From Russia With Love
Aston Martin DB5,Goldfinger
Aston Martin DB5,Thunderball
Toyota 2000GT,You Only Live Twice
Aston Martin DBS,On Her Majesty's Secret Serve
Ford Mustang Mach,Diamands Are Forever
,Live And Let Die
Rolls Royce,The Man With The Golden Gun
Lotus Esprit,The Spy Who Loved Me
,
Lotus Esprit Turbo,For Your Eyes Only
Mercedes Benz 250SE,Octopussy
Rolls Royce,A View To A Kill
Aston Martin V8 Vantage,The Living Daylights
Maserati A25 Bi - Turbo,License To Kill
BMW Z3,GoldenEye
