African Union,,,,,
Arab League,,,,,
Association of Southeast Asian Nations,,,,,
Council of Europe,,,,,
European Union,,,,,
South American Community of Nations,,,,,
Asia - Pacific Economic Cooperation,,,,,
Commonwealth,,,,,
Commonwealth of Independent States,,,,,
East African Community,,,,,
European Economic Area,,,,,
European Free Trade Association,,,,,
Free Trade Area of the Americas,,,,,
GCC - Gulf Cooperation Council,,,,,
North American Free Trade Agreement,,,,,
North Atlantic Treaty Organization,,,,,
Organization for Security and Cooperation in Europe,,,,,
Organization of American States,,,,,
Southern African Development Community,,,,,
US - Canada Environmental Cooperation,,,,,
Western European Union,,,,,
