Dr . No,1962,,,,
From Russia With Love,1963,,,,
Goldfinger,1964,,,,
Thunderball,1965,,,,
You Only Live Twice,1967,,,,
On Her Majesty's Secret Service,1969,,,,
Diamonds Are Forever,1971,,,,
Live And Let Die,1973,,,,
Man With The Golden Gun,1974,,,,
The Spy Who Loved Me,1977,,,,
Moonraker,1979,,,,
For Your Eyes Only,1981,,,,
Never Say Never Again,1983,,,,.
Octopussy,1983,,,,
A View To A Kill,1985,,,,
The Living Daylights,1987,,,,
Licence To Kill,1989,,,,
GoldenEye,1995,,,,
Tomorrow Never Dies,1997,,,,
The World Is Not Enough,1999,,,,
Die Another Day,2002,,,,
