Secret of the Old Clock The,,
The Mystery at Lilac Inn,,
The Secret of Shadow Ranch,,
The Clue in the Diary,,
The Sign of the Twisted Candles,,
The Clue of the Broken Locket,,
The Mystery of the Ivory Charm,,
The Clue of the Tapping Heels,,
Mystery of the Moss - Covered Mansion The,,
The Clue in the Jewel Box,,
The Clue in the Crumbling Wall,,
The Ghost of Blackwood Hall,,
The Secret of the Wooden Lady,,
Mystery at the Ski Jump,,
The Scarlet Slipper Mystery,,
The Haunted Showboat,,
The Clue in the Old Stagecoach,,
The Clue of the Dancing Puppet,,
The Clue of the Whistling Bagpipes,,
The Mystery of the 99 Steps,,
The Spider Sapphire Mystery,,
The Mysterious Mannequin,,
The Secret of Mirror Bay,,
Mystery of the Glowing Eye,,
The Witch Tree Symbol,,
The Strange Message in the Parchment,,
Mystery of the Brass Bound Trunk,,
Mystery of Crocodile Island,,
