One Flew Over the Cuckoo's Nest,1975,Martini,
Terms of Endearment,1983,,
Romancing the Stone,1984,,
The Ratings Game,1984,,
The Jewel of the Nile,1985,,
Wise Guys,1986,,
Throw Momma from the Train,1987,Owen Lift,
Tin Men,1987,Ernest Tilley,
Twins,1988,Vincent Benedict,
Batman Returns,1992,The Penguin,
Hoffa,1992,,
Reality Bites,1994,,
Pulp Fiction,1994,,
Renaissance Man,1994,Bill Rago,
Get Shorty,1995,Martin Weir,
Mars Attacks,1996,Rude Gambler,
Matilda,1996,Harry Wormwood,
The Rainmaker,1997,,
,,,
L . A . Confidential,1997,Sid Hudgens,
Man On The Moon,1999,George Shapiro,
The Virgin Suicides,1999,Dr Hornicker,
Drowning Mona,2000,Wyatt Rash,
Erin Brockovich,2000,,
Screwed,2000,Grover Cleaver,
Austin Powers in Goldmember,2002,,
,,,
Be Cool,2005,Martin Weir,
Ruthless People,1986,Sam Stone,
