Kuch Kuch Hota Hai,,"Filmfare Best Supporting Actress Award ,"
Kuch Kuch Hota Hai,,"Zee Cine Award ""Best Actress in a Supporting Role"""
Har Dil Jo Pyaar Karega,,"Aashirwaad ""Best Actress"" ,"
Saathiya,,"Anandlok ""Best Actress"""
Saathiya,,"Critics Award Best Performance ,"
Saathiya,,"Sansui Awards ""Best Performance of the Year"""
Saathiya,,"Bollywood Awards ""Most Sensational Actress"""
Hum Tum,,"Filmfare Best Actress Award ,"
Yuva,,"Filmfare Best Supporting Actress Award ,"
Hum Tum,,"Zee Cine Award ""Best Actress"""
Hum Tum,,"Screen Videocon Awards ""Best Actress"" ,"
Yuva,,"Screen Videocon Awards ""Best Actress in a Supporting Role"""
Hum Tum,,"Sports World Award ""Best Actress"""
Veer - Zaara,,"Sports World Award ""Best Actress in a Supporting Role"""
Hum Tum,,"Sports World ""Jodi of the Year"""
Yuva,,"Cinegoers Award ""Best Actress in a Supporting Role"""
Hum Tum,,"GIFA Awards ""Best Actress"""
Hum Tum,,IIFA Best Actress Award
Veer - Zaara,,IIFA Best Actress in A Supporting Role
Hum Tum,,"Bollywood Awards ""Best Actress"""
Yuva,,"Bollywood Awards ""Best Actress in a Supporting Role"""
