,,,
,,,
,,,
,,,
,Abraham Lincoln Presidential Library and Museum,,
,Andrew,,
,Herbert Hoover Library and Museum,,
,Franklin D . Roosevelt Library and Museum,,
,Harry S . Truman Presidential Library & Museum,,
,Dwight D . Eisenhower Library and Museum,,
,John F . Kennedy Library and Museum,,
,Lyndon Baines Johnson Library and Museum,,
,,,
,Gerald R . Ford Library and Museum,,
,Jimmy Carter Library and Museum,,
,Ronald Reagan Library & Museum,,
,George Bush Presidential Library and Museum,,
