Andean Community,,,,,
Asia - Pacific Economic Cooperation,,,,,
Association of Southeast Asian Nations,,,,,
,,,,,
Caribbean Community,,,,,
Central European Free Trade Agreement,,,,,
,,,,,
East African Economic Community,,,,,
Economic Community of West African States,,,,,
European Economic Area,,,,,
European Free Trade Association,,,,,
European Union,,,,,
Mercado Comun del Sur,,,,,
Mercado Comun Centro Americano,,,,,
NAFTA,,,,,
South Asian Association for Regional Cooperation,,,,,
Southern African Development Community,,,,,
