Dr . No,,Monty Norman,,,
From Russia With Love,,John Barry,,,
Goldfinger,,John Barry,,,
Thunderball,,John Barry,,,
You Only Live Twice,,John Barry,,,
On Her Majesty's Secret Service,,John Barry,,,
Diamonds Are Forever,,John Barry,,,
Live And Let Die,,George Martin,,,
Man With The Golden Gun,,John Barry,,,
The Spy Who Loved Me,,Marvin Hamlisch,,,
Moonraker,,John Barry,,,
For Your Eyes Only,,Bill Conti,,,
Octopussy,,John Barry,,,
The Living Daylights,,John Barry,,,
Licence To Kill,,Michael Kamen,,,
,,,,,
GoldenEye,,Eric Serra,,,
Tomorrow Never Dies,,David Arnold,,,
The World Is Not Enough,,David Arnold,,,
,,,,,
Die Another Day,,David Arnold,,,
