"President of the People's Republic of China , General Secretary of the CPC .",Hu Jintao,,,
Chairman of the Standing Committee of the National People's Congress,Wu Bangguo,,,
the State Council of the People's Republic of China,Wen Jiabao,,,
Chairman of the People's Political Consultative Conference,Jia Qinglin,,,
Vice President of the People's Republic of China,Zeng Qinghong,,,
"Vice Premier , State Council",Huang Ju,,,
Secretary of the Central Commission for Discipline Inspection,Wu Guanzheng,,,
"no other positions held , known to many as the propaganda chief",Li Changchun,,,
"State Councilor , Political and Legislative Affairs Committee secretary",Luo Gan,,,
