All Souls College,1438,,
Balliol College,1263,,
Blackfriars Hall & Stadium,,,
Brasenose College,1509,,
Christ Church,,,
Corpus Christi College,,,
Exeter College,1314,,
Green College,college,,
Greyfriars Hall,,,
Harris Manchester College,1786,,
Hertford College,,,
Jesus College,1571,,
Keble College,,,
Kellogg College,,,
Lady Margaret Hall,1878,,
Linacre College,,,
Lincoln College,,,
Magdalen College,1448,,
Mansfield College,,,
Merton College,1264,,
,,,
Nuffield College,,,
Oriel College,1326,,
Pembroke College,,,
"Queen's College , The",,,
Regent's Park College,,,
Somerville College,1879,,
St . Anne's College,,,
St . Antony's College,,,
St . Benet's Hall,,,
St . Catherine's College,1962,,
St . Cross College,,,
St . Edmund Hall,,,
St . Hilda's College,,,
St . Hugh's College,1886,,
St . John's College,,,
St . Peter's College,,,
Templeton College,,,
Trinity College,1555,,
University College,,,
Wadham College,,,
Wolfson College,,,
Worcester College,,,
Wycliffe Hall,,,
