,Guillaume Delisle,cartographer
,RenÃÂÃÂ© Descartes,philosopher
,Girard Desargues,mathematician
,Georges Duby,historian
,Pierre de Fermat,mathematician
,Joseph Fourier,physicist
,Pierre Gassendi,mathematician
,Pierre - Gilles de Gennes,physicist
,Evariste Galois,mathematician
,FrÃÂÃÂ©dÃÂÃÂ©ric Joliot,scientist
,Joseph Louis Lagrange,mathematician
,Pierre - Simon Laplace,mathematician
,,
,Jean - Marie Lehn,chemist
,Claude LÃÂÃÂ©vi - Strauss,anthropologist
,Antoine LÃÂÃÂ©vi - Leblond,physicist
,Albert Mathiez,historian
,AndrÃÂÃÂ© Michaux,botanist and explorer
,Jules Michelet,historian
,Abraham de Moivre,mathematician
,Theodore Monod,naturalist and theologian
,Claude MossÃÂÃÂ©,historian
